Company,"Cocoa
Percent",Rating,,
A. Morin,63%,3.75,,
A. Morin,70%,2.75,,
A. Morin,70%,3,,
A. Morin,70%,3.5,,
A. Morin,70%,3.5,,
A. Morin,70%,2.75,,
A. Morin,70%,3.5,,
A. Morin,70%,3.5,,
A. Morin,70%,3.75,,
A. Morin,70%,4,,
A. Morin,70%,2.75,,
A. Morin,70%,3,,
A. Morin,70%,3.25,,
A. Morin,70%,3.75,,
A. Morin,70%,2.75,,
A. Morin,70%,3,,
A. Morin,70%,3.25,,
A. Morin,70%,4,,
A. Morin,70%,3.25,,
A. Morin,70%,3.5,,
A. Morin,63%,4,,
A. Morin,70%,3.5,,
A. Morin,63%,3.75,,
Acalli,70%,3.75,,
Acalli,70%,3.75,,
Adi,60%,2.75,,
Adi,80%,3.25,,
Adi,88%,3.5,,
Adi,72%,3.5,,
Aequare (Gianduja),55%,2.75,,
Aequare (Gianduja),70%,3,,
Ah Cacao,70%,3,,
Akesson's (Pralus),75%,3.75,,
Akesson's (Pralus),75%,2.75,,
Akesson's (Pralus),75%,2.75,,
Alain Ducasse,65%,2.75,,
Alain Ducasse,75%,2.75,,
Alain Ducasse,75%,3,,
Alain Ducasse,75%,2.5,,
Alain Ducasse,75%,2.5,,
Alexandre,70%,3.5,,
Alexandre,70%,3.5,,
Alexandre,70%,3.5,,
Alexandre,70%,3.5,,
Altus aka Cao Artisan,60%,2.75,,
Altus aka Cao Artisan,60%,3,,
Altus aka Cao Artisan,60%,2.5,,
Altus aka Cao Artisan,60%,2.5,,
Altus aka Cao Artisan,60%,2.75,,
Altus aka Cao Artisan,60%,2.5,,
Altus aka Cao Artisan,60%,3,,
Altus aka Cao Artisan,80%,3.25,,
Altus aka Cao Artisan,60%,3,,
Altus aka Cao Artisan,60%,3.25,,
Amano,70%,4,,
Amano,70%,3.75,,
Amano,70%,4,,
Amano,70%,3,,
Amano,70%,3,,
Amano,70%,2.75,,
Amano,70%,3.5,,
Amano,70%,3,,
Amano,70%,3.75,,
Amatller (Simon Coll),70%,3,,
Amatller (Simon Coll),70%,2.75,,
Amatller (Simon Coll),85%,2.75,,
Amatller (Simon Coll),85%,3,,
Amazona,72%,3.25,,
Amazona,73%,3.5,,
Ambrosia,64%,3,,
Ambrosia,66%,3.25,,
Ambrosia,75%,3.25,,
Ambrosia,63%,3.25,,
Ambrosia,70%,3.25,,
Ambrosia,68%,3.5,,
Amedei,70%,3.75,,
Amedei,70%,4,,
Amedei,75%,4,,
Amedei,70%,5,,
Amedei,70%,3,,
Amedei,70%,3,,
Amedei,70%,3.5,,
Amedei,70%,3.75,,
Amedei,70%,4,,
Amedei,70%,3.5,,
Amedei,63%,3.5,,
Amedei,70%,5,,
Amedei,66%,4,,
AMMA,75%,3.25,,
AMMA,85%,2.75,,
AMMA,50%,3.75,,
AMMA,75%,3.75,,
AMMA,60%,4,,
Anahata,75%,3,,
Animas,75%,3.5,,
Ara,75%,3,,
Ara,72%,2.5,,
Ara,75%,2.75,,
Ara,75%,3,,
Arete,70%,3.5,,
Arete,70%,3.75,,
Arete,73%,3.5,,
Arete,70%,3.25,,
Arete,70%,3.25,,
Arete,70%,3.5,,
Arete,70%,3.75,,
Arete,70%,3.5,,
Arete,70%,4,,
Arete,70%,4,,
Arete,70%,3.75,,
Arete,70%,3.25,,
Arete,73%,3.25,,
Arete,70%,3.5,,
Arete,68%,3.5,,
Arete,70%,3.75,,
Arete,70%,3.5,,
Arete,70%,3.75,,
Arete,70%,4,,
Arete,75%,2.75,,
Arete,70%,3.25,,
Arete,75%,3.5,,
Artisan du Chocolat,72%,3.25,,
Artisan du Chocolat,72%,3.75,,
Artisan du Chocolat,72%,4,,
Artisan du Chocolat,72%,2.75,,
Artisan du Chocolat,100%,1.75,,
Artisan du Chocolat,72%,3.75,,
Artisan du Chocolat,72%,3.25,,
Artisan du Chocolat,72%,3.25,,
Artisan du Chocolat,72%,3.5,,
Artisan du Chocolat,75%,2.5,,
Artisan du Chocolat,72%,2.75,,
Artisan du Chocolat,72%,1.75,,
Artisan du Chocolat,80%,3,,
Artisan du Chocolat,75%,3,,
Artisan du Chocolat,72%,3.25,,
Artisan du Chocolat,72%,3.75,,
Artisan du Chocolat (Casa Luker),72%,2.75,,
Askinosie,68%,3.75,,
Askinosie,72%,3.75,,
Askinosie,70%,3.75,,
Askinosie,77%,3.75,,
Askinosie,75%,2.5,,
Askinosie,70%,3,,
Bahen & Co.,80%,3.25,,
Bahen & Co.,70%,3.5,,
Bahen & Co.,70%,3,,
Bahen & Co.,70%,2.5,,
Bahen & Co.,70%,2.5,,
Bakau,70%,2.75,,
Bakau,70%,3.5,,
Bar Au Chocolat,70%,3.5,,
Bar Au Chocolat,70%,4,,
Bar Au Chocolat,70%,3.25,,
Bar Au Chocolat,70%,3.5,,
Bar Au Chocolat,70%,3.75,,
Baravelli's,80%,2.75,,
Batch,65%,3.5,,
Batch,70%,3.75,,
Batch,65%,3.25,,
Beau Cacao,73%,3,,
Beau Cacao,72%,3.25,,
Beehive,80%,2.75,,
Beehive,70%,2.75,,
Beehive,70%,2.75,,
Beehive,90%,2.75,,
Belcolade,64%,2.75,,
Belcolade,64%,2.75,,
Belcolade,64%,2.75,,
Belcolade,71%,3.5,,
Bellflower,70%,3.5,,
Bellflower,70%,3.25,,
Bellflower,70%,3.5,,
Belyzium,83%,2.75,,
Belyzium,78%,3,,
Belyzium,83%,3.5,,
Benoit Nihant,74%,3.5,,
Benoit Nihant,74%,3.5,,
Benoit Nihant,74%,3.5,,
Benoit Nihant,73%,4,,
Benoit Nihant,72%,4,,
Benoit Nihant,72%,3.75,,
Bernachon,55%,2.75,,
Beschle (Felchlin),64%,3,,
Beschle (Felchlin),88%,3,,
Beschle (Felchlin),72%,3.5,,
Beschle (Felchlin),72%,4,,
Beschle (Felchlin),70%,3.25,,
Beschle (Felchlin),74%,3.25,,
Beschle (Felchlin),64%,3.5,,
Beschle (Felchlin),72%,3.5,,
Bisou,76%,2.5,,
Bisou,76%,2.5,,
Bisou,78%,2.5,,
Bisou,86%,3.25,,
Bittersweet Origins,72%,3.5,,
Bittersweet Origins,75%,3.25,,
Bittersweet Origins,70%,3.75,,
Bittersweet Origins,65%,2.75,,
Bittersweet Origins,70%,3,,
Bittersweet Origins,78%,3,,
Bittersweet Origins,75%,3,,
Bittersweet Origins,65%,3.5,,
Bittersweet Origins,75%,3.25,,
Bittersweet Origins,65%,3.5,,
Bittersweet Origins,71%,3,,
Bittersweet Origins,75%,3.5,,
Bittersweet Origins,68%,3.75,,
Bittersweet Origins,70%,3,,
Black Mountain,70%,2.75,,
Black Mountain,70%,2.75,,
Black Mountain,70%,3,,
Black River (A. Morin),70%,2.75,,
Blanxart,82%,3.5,,
Blanxart,72%,2.75,,
Blue Bandana,82%,3.5,,
Blue Bandana,75%,2.75,,
Blue Bandana,75%,3.5,,
Blue Bandana,75%,3,,
Blue Bandana,70%,3.5,,
Blue Bandana,70%,3.75,,
Bonnat,75%,3.5,,
Bonnat,75%,4,,
Bonnat,75%,3.25,,
Bonnat,65%,3.75,,
Bonnat,75%,3.5,,
Bonnat,75%,3.25,,
Bonnat,75%,3.5,,
Bonnat,75%,3.5,,
Bonnat,75%,3.5,,
Bonnat,75%,3.75,,
Bonnat,75%,4,,
Bonnat,75%,4,,
Bonnat,75%,3.5,,
Bonnat,75%,3.25,,
Bonnat,75%,3,,
Bonnat,75%,2.75,,
Bonnat,75%,3,,
Bonnat,75%,3,,
Bonnat,75%,4,,
Bonnat,75%,2.5,,
Bonnat,75%,3.75,,
Bonnat,75%,4,,
Bonnat,75%,4,,
Bonnat,75%,4,,
Bonnat,100%,1.5,,
Bonnat,75%,3,,
Bonnat,75%,4,,
Bouga Cacao (Tulicorp),77%,3.25,,
Bouga Cacao (Tulicorp),100%,1.5,,
Bowler Man,70%,2.75,,
Bowler Man,70%,2.75,,
Brasstown aka It's Chocolate,70%,3.5,,
Brasstown aka It's Chocolate,70%,3.75,,
Brasstown aka It's Chocolate,68%,3.75,,
Brasstown aka It's Chocolate,70%,3.75,,
Brasstown aka It's Chocolate,70%,4,,
Brasstown aka It's Chocolate,72%,3,,
Brasstown aka It's Chocolate,70%,3.25,,
Brasstown aka It's Chocolate,75%,3.5,,
Brasstown aka It's Chocolate,85%,3.5,,
Brazen,60%,3,,
Brazen,80%,3.25,,
Brazen,70%,3.5,,
Brazen,80%,2.75,,
Brazen,80%,3.25,,
Brazen,60%,3.25,,
Breeze Mill,70%,3,,
Bright,72%,3,,
Bright,70%,3.5,,
Bright,72%,3.5,,
Bright,68%,2.75,,
Britarev,70%,3.25,,
Bronx Grrl Chocolate,68%,2.75,,
Burnt Fork Bend,72%,3.25,,
Burnt Fork Bend,72%,3.5,,
Burnt Fork Bend,72%,3.25,,
Burnt Fork Bend,72%,3.25,,
Burnt Fork Bend,60%,2.5,,
Cacao Arabuco,70%,2.5,,
Cacao Atlanta,75%,2.5,,
Cacao Atlanta,75%,2.5,,
Cacao Atlanta,75%,2.75,,
Cacao Atlanta,75%,2.25,,
Cacao Barry,65%,3.5,,
Cacao Barry,70%,3,,
Cacao Barry,75%,2,,
Cacao Barry,72%,2,,
Cacao Barry,66%,3,,
Cacao de Origen,77%,3.5,,
Cacao de Origen,75%,3.25,,
Cacao de Origen,74.00%,2.5,Venezuela,
Cacao de Origen,74.00%,3.0, ,Venezuela
Cacao de Origen,75%,3.5,,
Cacao de Origen,70%,3.75,,
Cacao de Origin,74%,3.25,,
Cacao Hunters,71%,3.75,,
Cacao Hunters,74%,3.75,,
Cacao Hunters,72%,3.75,,
Cacao Hunters,64%,3.5,,
Cacao Hunters,70%,3.5,,
Cacao Hunters,69%,2.75,,
Cacao Hunters,70%,3.25,,
Cacao Market,70%,3.5,,
Cacao Prieto,72%,3.75,,
Cacao Prieto,72%,3,,
Cacao Prieto,66%,3.75,,
Cacao Prieto,65%,3.25,,
Cacao Sampaka,70%,3.5,,
Cacao Sampaka,71%,3.5,,
Cacao Sampaka,71%,3.75,,
Cacao Sampaka,71%,4,,
Cacao Sampaka,71%,3.25,,
Cacao Sampaka,71%,3.5,,
Cacao Sampaka,77%,3.5,,
Cacao Sampaka,70%,4,,
Cacao Sampaka,70%,4,,
Cacao Store,70%,3,,
Cacao Store,70%,3.25,,
Cacao Store,70%,3.5,,
Cacaosuyo (Theobroma Inversiones),70%,3.25,,
Cacaoyere (Ecuatoriana),63%,3.5,,
Cacaoyere (Ecuatoriana),71%,3.5,,
Cacaoyere (Ecuatoriana),82%,2.5,,
Cacaoyere (Ecuatoriana),91%,1.5,,
Callebaut,60%,2.75,,
Callebaut,70%,1,,
C-Amaro,75%,2.5,,
C-Amaro,72%,3,,
C-Amaro,70%,3.5,,
C-Amaro,100%,3.5,,
C-Amaro,80%,3,,
C-Amaro,78%,2.25,,
C-Amaro,70%,2.5,,
Cao,75%,2.5,,
Cao,73%,2.75,,
Cao,70%,3,,
Cao,75%,3,,
Cao,70%,3.25,,
Caoni (Tulicorp),77%,2,,
Caoni (Tulicorp),77%,2.5,,
Caoni (Tulicorp),77%,2.75,,
Caoni (Tulicorp),55%,3,,
Caoni (Tulicorp),55%,3.25,,
Caoni (Tulicorp),55%,3.5,,
Captain Pembleton,70%,3.5,,
Captain Pembleton,70%,3.75,,
Caribeans,72%,3.5,,
Caribeans,72%,3.25,,
Caribeans,72%,3.5,,
Caribeans,72%,3,,
Caribeans,80%,2.75,,
Carlotta Chocolat,65%,3,,
Carlotta Chocolat,65%,3.25,,
Carlotta Chocolat,65%,3.25,,
Carlotta Chocolat,65%,3.5,,
Carlotta Chocolat,65%,3.5,,
Castronovo,72%,4,,
Castronovo,72%,3.5,,
Castronovo,70%,3.75,,
Castronovo,72%,3.5,,
Castronovo,72%,3.5,,
Castronovo,76%,3.5,,
Castronovo,70%,2.75,,
Castronovo,70%,3,,
Castronovo,73%,3.5,,
Castronovo,70%,2.5,,
Castronovo,70%,3.25,,
Castronovo,72%,3.25,,
Castronovo,70%,2.75,,
Castronovo,72%,3,,
Cello,70%,2.5,,
Cello,70%,2.75,,
Cello,70%,2.75,,
Cello,70%,3,,
Cemoi,72%,2.75,,
Chaleur B,70%,2.75,,
Charm School,70%,3.25,,
Chchukululu (Tulicorp),55%,2.75,,
Chchukululu (Tulicorp),75%,3,,
Chequessett,70%,3.5,,
Chloe Chocolat,70%,3.5,,
Chocablog,70%,3.25,,
Choco Del Sol,75%,3,,
Choco Del Sol,82%,3.25,,
Choco Dong,70%,2.75,,
Choco Dong,70%,3.5,,
Chocolarder,65%,2.5,,
Chocolarder,65%,2.75,,
Chocolarder,80%,2.5,,
Chocola'te,70%,3.75,,
Chocola'te,68%,3.75,,
Chocolate Alchemist-Philly,90%,2.5,,
Chocolate Alchemist-Philly,80%,2.5,,
Chocolate Con Amor,70%,2.5,,
Chocolate Con Amor,70%,2.75,,
Chocolate Con Amor,60%,3,,
Chocolate Con Amor,75%,3,,
Chocolate Con Amor,80%,3,,
Chocolate Con Amor,70%,3.25,,
Chocolate Con Amor,80%,2.75,,
Chocolate Conspiracy,74%,2.75,,
Chocolate Makers,75%,3.25,,
Chocolate Makers,68%,3.5,,
Chocolate Makers,80%,3.75,,
"Chocolate Tree, The",69%,3.75,,
"Chocolate Tree, The",80%,3.75,,
"Chocolate Tree, The",70%,3.75,,
"Chocolate Tree, The",82%,2.5,,
"Chocolate Tree, The",68%,2.75,,
"Chocolate Tree, The",72%,3.25,,
Chocolats Privilege,70%,2.5,,
ChocoReko,77%,3,,
Chocosol,65%,3.25,,
Chocovic,71%,3.25,,
Chocovic,71%,3.5,,
Chocovic,60%,3.25,,
Chocovic,75%,3.25,,
Chocovic,71%,3.5,,
Chocovic,71%,2.5,,
Chocovic,71%,2.5,,
Chocovic,70%,3,,
Chocovivo,65%,2.5,,
Chocovivo,75%,2.5,,
Choklat,80%,2.5,,
Choklat,70%,2.75,,
Choklat,70%,3,,
Choklat,80%,3,,
Choklat,70%,3,,
Chokolat Elot (Girard),42%,2.75,,
Choocsol,75%,3.25,,
Christopher Morel (Felchlin),68%,3.75,,
Chuao Chocolatier,61%,3,,
Chuao Chocolatier (Pralus),77%,2.75,,
Claudio Corallo,73.5%,3.75,,
Claudio Corallo,80%,3,,
Claudio Corallo,75%,4,,
Claudio Corallo,100%,1,,
Cloudforest,73%,3.5,,
Coleman & Davis,75%,3,,
Compania de Chocolate (Salgado),70%,3.25,,
Compania de Chocolate (Salgado),80%,2.75,,
Compania de Chocolate (Salgado),72%,3.25,,
Compania de Chocolate (Salgado),70%,3.75,,
Compania de Chocolate (Salgado),88%,2.75,,
Condor,76%,3.5,,
Confluence,78%,2.75,,
Coppeneur,65%,3.25,,
Coppeneur,85%,3.5,,
Coppeneur,100%,1.5,,
Coppeneur,72%,3.75,,
Coppeneur,70%,3.5,,
Coppeneur,72%,3.25,,
Coppeneur,70%,3,,
Coppeneur,72%,2.5,,
Coppeneur,72%,3,,
Coppeneur,72%,3.25,,
Coppeneur,72%,3.25,,
Coppeneur,72%,3,,
Coppeneur,62%,3.25,,
Coppeneur,70%,3.5,,
Coppeneur,70%,3.75,,
Coppeneur,72%,3,,
Coppeneur,72%,3,,
Coppeneur,72%,3,,
Cote d' Or (Kraft),70%,1,,
Cravve,70%,2.5,,
Cravve,83%,2.75,,
Cravve,75%,3.25,,
Cravve,65%,3.25,,
Cravve,67%,3.25,,
Cravve,64%,3.25,,
Cravve,75%,3.5,,
Creo,85%,3.25,,
Creo,73%,3.75,,
Daintree,70%,2.75,,
Daintree,70%,3.25,,
Dalloway,72%,2.75,,
Damson,70%,3,,
Damson,70%,3.5,,
Damson,70%,2.25,,
Damson,70%,2.75,,
Dandelion,70%,3.75,,
Dandelion,70%,3,,
Dandelion,70%,3.5,,
Dandelion,70%,3.5,,
Dandelion,70%,2.75,,
Dandelion,70%,3.75,,
Dandelion,70%,2.75,,
Dandelion,70%,3.25,,
Dandelion,70%,3.5,,
Dandelion,70%,3.5,,
Dandelion,70%,3,,
Dandelion,70%,3.25,,
Dandelion,70%,3.75,,
Dandelion,70%,3.25,,
Dandelion,70%,3.25,,
Dandelion,70%,3.25,,
Danta,82%,3.25,,
Danta,75%,3,,
Danta,70%,3.75,,
Danta,70%,3.75,,
Danta,70%,4,,
Danta,70%,3.25,,
Danta,60%,3.5,,
Danta,75%,3,,
Danta,60%,3.25,,
DAR,72%,2.75,,
DAR,72%,3,,
DAR,70%,3.25,,
Dark Forest,75%,3.25,,
Dark Forest,70%,3,,
Dark Forest,70%,3.25,,
Dark Forest,70%,3,,
Dark Forest,70%,3.25,,
Davis,70%,2.5,,
Davis,70%,2.75,,
Davis,70%,2.75,,
Davis,58%,3.25,,
De Mendes,72%,3.5,,
De Mendes,65%,3.5,,
De Villiers,70%,2.5,,
De Villiers,70%,3,,
Dean and Deluca (Belcolade),66%,2.5,,
Dean and Deluca (Belcolade),64%,3,,
Dean and Deluca (Belcolade),71%,3,,
Dean and Deluca (Belcolade),60%,3,,
Dean and Deluca (Belcolade),64%,3,,
Dean and Deluca (Belcolade),64%,3,,
Debauve & Gallais (Michel Cluizel),64%,3,,
Debauve & Gallais (Michel Cluizel),66%,3.75,,
Desbarres,72%,2.5,,
DeVries,80%,2.75,,
DeVries,77%,3.5,,
DeVries,77%,3.5,,
Dick Taylor,70%,3.75,,
Dick Taylor,78%,3.5,,
Dick Taylor,70%,3.75,,
Dick Taylor,74%,3.5,,
Dick Taylor,70%,3.25,,
Dick Taylor,76%,3.5,,
Dick Taylor,75%,2.75,,
Dick Taylor,72%,2.75,,
Dick Taylor,80%,2.75,,
Dick Taylor,72%,3,,
Dick Taylor,75%,2.75,,
Dick Taylor,74%,3,,
Dick Taylor,70%,3.25,,
Doble & Bignall,85%,3,,
Doble & Bignall,72%,3.25,,
Doble & Bignall,72%,3.25,,
Doble & Bignall,72%,3.5,,
Dole (Guittard),70%,3.75,,
Dolfin (Belcolade),88%,3,,
Dolfin (Belcolade),70%,1.5,,
Domori,70%,3.75,,
Domori,70%,3.75,,
Domori,100%,3,,
Domori,70%,3.5,,
Domori,70%,3.75,,
Domori,70%,3.5,,
Domori,70%,3,,
Domori,70%,3,,
Domori,70%,3,,
Domori,78%,3.5,,
Domori,70%,3.75,,
Domori,70%,4,,
Domori,75%,3.25,,
Domori,60%,3.25,,
Domori,70%,3.5,,
Domori,70%,3.5,,
Domori,70%,3.75,,
Domori,70%,4,,
Domori,70%,4,,
Domori,70%,3,,
Domori,70%,3.25,,
Domori,70%,3.5,,
Dormouse,75%,2.75,,
Dormouse,70%,2.5,,
Dormouse,80%,2.75,,
Dormouse,77%,2.75,,
Duffy's,70%,4,,
Duffy's,70%,3.5,,
Duffy's,76%,3.75,,
Duffy's,72%,3.75,,
Duffy's,72%,3.75,,
Duffy's,65%,3.5,,
Duffy's,72%,3,,
Duffy's,71%,3.25,,
Duffy's,71%,3.5,,
Duffy's,70%,3.5,,
Duffy's,72%,3.75,,
Duffy's,70%,2.5,,
Duffy's,70%,3.75,,
Dulcinea,70%,3.25,,
Durand,82%,2.75,,
Durci,70%,3.5,,
Durci,70%,3.5,,
Durci,70%,3.25,,
Durci,70%,3.25,,
Durci,70%,4,,
East Van Roasters,70%,3.25,,
East Van Roasters,70%,3.5,,
East Van Roasters,70%,3.75,,
Eau de Rose,70%,3.25,,
Eau de Rose,70%,3.25,,
Eclat (Felchlin),72%,2.75,,
Edelmond,68%,3,,
El Ceibo,75%,3.75,,
El Ceibo,71%,2.75,,
El Rey,70%,3.75,,
El Rey,60.5%,2.75,,
El Rey,70%,3,,
El Rey,74%,2.5,,
El Rey,58%,2.5,,
El Rey,61%,3,,
El Rey,70%,2.75,,
Emerald Estate,60%,2.75,,
Emerald Estate,70%,3.25,,
Emily's,79%,3,,
Emily's,78%,3.5,,
ENNA,75%,3.25,,
Enric Rovira (Claudio Corallo),80%,3.25,,
Erithaj (A. Morin),70%,3.25,,
Erithaj (A. Morin),80%,3,,
Erithaj (A. Morin),74%,3.25,,
Escazu,70%,2.75,,
Escazu,65%,2,,
Escazu,81%,3.5,,
Escazu,74%,2.75,,
Escazu,72%,3,,
Ethel's Artisan (Mars),55%,2.5,,
Ethel's Artisan (Mars),55%,2.5,,
Ethel's Artisan (Mars),70%,2.5,,
Ethel's Artisan (Mars),62%,2.75,,
Ethel's Artisan (Mars),62%,2.5,,
Ethereal,80%,3,,
Ethereal,80%,3.5,,
Ethereal,80%,3.75,,
Fearless (AMMA),75%,2.75,,
Feitoria Cacao,76%,3,,
Feitoria Cacao,76%,2.5,,
Feitoria Cacao,76%,2.75,,
Felchlin,58%,3.5,,
Felchlin,62%,2,,
Felchlin,74%,3,,
Felchlin,64%,3,,
Felchlin,65%,3,,
Felchlin,72%,3.5,,
Felchlin,68%,4,,
Finca,65%,2.25,,
Finca,80%,3,,
Finca,70%,3.25,,
Finca,85%,2.5,,
Forever Cacao,72%,2.75,,
Forteza (Cortes),70%,2.75,,
Forteza (Cortes),80%,2.75,,
Fossa,70%,2.75,,
Fossa,75%,3.5,,
Fossa,67%,3.75,,
Franceschi,70%,3.5,,
Franceschi,70%,3.75,,
Franceschi,70%,3.75,,
Franceschi,60%,3.5,,
Frederic Blondeel,70%,3.5,,
Frederic Blondeel,75%,3.5,,
Frederic Blondeel,80%,3,,
Frederic Blondeel,60%,3.5,,
Frederic Blondeel,65%,3.5,,
French Broad,70%,3.5,,
French Broad,73%,3.5,,
French Broad,80%,3,,
French Broad,68%,3.25,,
French Broad,66%,3.5,,
French Broad,70%,2.5,,
French Broad,61%,3.5,,
French Broad,81%,2,,
French Broad,70%,3.5,,
French Broad,65%,3.5,,
Fresco,70%,3,,
Fresco,70%,3.5,,
Fresco,70%,3.5,,
Fresco,70%,3.5,,
Fresco,72%,3.25,,
Fresco,72%,3.75,,
Fresco,70%,3.75,,
Fresco,70%,4,,
Fresco,69%,3.5,,
Fresco,69%,3.5,,
Fresco,74%,4,,
Fresco,69%,4,,
Fresco,69%,3,,
Fresco,74%,2.75,,
Fresco,70%,3.25,,
Fresco,72%,3.5,,
Fresco,70%,3.5,,
Fresco,74%,2.75,,
Fresco,72%,3.25,,
Fresco,74%,3,,
Fresco,76%,3.25,,
Fresco,70%,4,,
Fresco,80%,2.75,,
Fresco,70%,3,,
Fresco,70%,3.25,,
Fresco,65%,3.5,,
Friis Holm,70%,3.5,,
Friis Holm (Bonnat),60%,3,,
Friis Holm (Bonnat),85%,3.25,,
Friis Holm (Bonnat),70%,3.5,,
Friis Holm (Bonnat),70%,3.25,,
Friis Holm (Bonnat),70%,3.5,,
Friis Holm (Bonnat),70%,3.25,,
Friis Holm (Bonnat),70%,3.25,,
Friis Holm (Bonnat),70%,3.25,,
Friis Holm (Bonnat),70%,3.75,,
Friis Holm (Bonnat),70%,3.25,,
Friis Holm (Bonnat),70%,3.5,,
Friis Holm (Bonnat),70%,3.5,,
Fruition,74%,3.75,,
Fruition,74%,4,,
Fruition,70%,3.75,,
Fruition,76%,3,,
Fruition,70%,3.75,,
Fruition,75%,3,,
Fruition,70%,2.5,,
Fruition,66%,3.25,,
Fruition,70%,3,,
Garden Island,85%,2.5,,
Georgia Ramon,65%,3.25,,
Georgia Ramon,70%,4,,
Georgia Ramon,70%,3.5,,
Georgia Ramon,80%,3.5,,
Georgia Ramon,75%,3.5,,
Glennmade,70%,3.5,,
Glennmade,66%,3,,
Goodnow Farms,77%,2.75,,
Goodnow Farms,77%,3.25,,
Goodnow Farms,77%,3.25,,
Grand Place,72%,3,,
Green & Black's (ICAM),70%,2.5,,
Green Bean to Bar,70%,3.5,,
Grenada Chocolate Co.,82%,3.25,,
Grenada Chocolate Co.,60%,2.75,,
Grenada Chocolate Co.,71%,2.5,,
Guido Castagna,64%,3,,
Guido Castagna,64%,3,,
Guido Castagna,64%,3,,
Guido Castagna,76%,3,,
Guido Castagna,64%,3.25,,
Guittard,70%,3.75,,
Guittard,65%,2.75,,
Guittard,65%,2.75,,
Guittard,65%,3.25,,
Guittard,65%,3.5,,
Guittard,72%,2.75,,
Guittard,61%,3.25,,
Guittard,72%,3.25,,
Guittard,65%,3,,
Guittard,55%,3,,
Guittard,91%,3,,
Guittard,70%,3.5,,
Guittard,65%,3,,
Guittard,64%,3,,
Guittard,65%,3.5,,
Guittard,72%,3.5,,
Guittard,65%,3,,
Guittard,65%,2.5,,
Guittard,65%,3.5,,
Guittard,65%,3.5,,
Guittard,61%,3.5,,
Guittard,61%,3,,
Habitual,80%,2.75,,
Habitual,74%,2.75,,
Habitual,75%,3.25,,
Habitual,70%,3.5,,
Habitual,65%,2.75,,
Habitual,70%,3,,
Habitual,80%,3,,
Habitual,66%,3.25,,
Habitual,100%,2,,
Hachez,77%,2.5,,
Hacienda El Castillo,55%,2.75,,
Hacienda El Castillo,70%,3,,
Haigh,70%,3,,
Harper Macaw,85%,3.25,,
Harper Macaw,67%,3,,
Harper Macaw,77%,3.5,,
Harper Macaw,74%,3.5,,
Heilemann,64%,2.75,,
Heirloom Cacao Preservation (Brasstown),70%,3.25,,
Heirloom Cacao Preservation (Fruition),74%,3.5,,
Heirloom Cacao Preservation (Guittard),67%,3.5,,
Heirloom Cacao Preservation (Guittard),67%,3,,
Heirloom Cacao Preservation (Guittard),67%,3.75,,
Heirloom Cacao Preservation (Guittard),67%,3.75,,
Heirloom Cacao Preservation (Manoa),72%,3.5,,
Heirloom Cacao Preservation (Millcreek),70%,3.5,,
Heirloom Cacao Preservation (Mindo),77%,3.5,,
Heirloom Cacao Preservation (Zokoko),68%,3.75,,
Heirloom Cacao Preservation (Zokoko),72%,4,,
hello cocoa,57%,2.75,,
hello cocoa,74%,3.5,,
hexx,70%,2.75,,
hexx,74%,3,,
hexx,70%,3,,
hexx,73%,3.25,,
hexx,70%,3.25,,
Hogarth,70%,2.75,,
Hogarth,72%,2.75,,
Hogarth,75%,3.25,,
Hogarth,66%,3.5,,
Hoja Verde (Tulicorp),80%,2,,
Hoja Verde (Tulicorp),80%,2.5,,
Hoja Verde (Tulicorp),72%,3,,
Hoja Verde (Tulicorp),58%,3.25,,
Hoja Verde (Tulicorp),58%,3.5,,
Holy Cacao,70%,2.75,,
Holy Cacao,70%,3.5,,
Holy Cacao,70%,3.5,,
Holy Cacao,70%,3.5,,
Holy Cacao,70%,3.5,,
Holy Cacao,70%,2.5,,
Holy Cacao,70%,2.75,,
Holy Cacao,70%,3.5,,
Holy Cacao,75%,3.75,,
Honest,72%,2.5,,
Hotel Chocolat,70%,2.75,,
Hotel Chocolat,70%,4,,
Hotel Chocolat,100%,1.75,,
Hotel Chocolat (Coppeneur),75%,3,,
Hotel Chocolat (Coppeneur),80%,3.5,,
Hotel Chocolat (Coppeneur),90%,3,,
Hotel Chocolat (Coppeneur),72%,3,,
Hotel Chocolat (Coppeneur),82%,3.5,,
Hotel Chocolat (Coppeneur),100%,2.75,,
Hotel Chocolat (Coppeneur),100%,2.5,,
Hotel Chocolat (Coppeneur),100%,2.75,,
Hotel Chocolat (Coppeneur),66%,3.5,,
Hotel Chocolat (Coppeneur),80%,3,,
Hotel Chocolat (Coppeneur),65%,3,,
Hotel Chocolat (Coppeneur),65%,3.25,,
Hotel Chocolat (Coppeneur),70%,2.75,,
Hotel Chocolat (Coppeneur),70%,3,,
Hotel Chocolat (Coppeneur),70%,2.75,,
Hotel Chocolat (Coppeneur),72%,3,,
Hotel Chocolat (Coppeneur),80%,2.5,,
Hotel Chocolat (Coppeneur),75%,2.75,,
Hotel Chocolat (Coppeneur),72%,3,,
Hummingbird,70%,3.5,,
Hummingbird,70%,3,,
Hummingbird,70%,3,,
Hummingbird,70%,3,,
Hummingbird,70%,3.75,,
Hummingbird,70%,3.5,,
Hummingbird,70%,3.25,,
Hummingbird,70%,3.75,,
Idilio (Felchlin),72%,3.75,,
Idilio (Felchlin),72%,3.75,,
Idilio (Felchlin),72%,3.75,,
Idilio (Felchlin),72%,3.25,,
Idilio (Felchlin),72%,3.75,,
Idilio (Felchlin),74%,4,,
Idilio (Felchlin),72%,3.5,,
Idilio (Felchlin),70%,4,,
Idilio (Felchlin),72%,4,,
Idilio (Felchlin),72%,4,,
Indah,61%,2.5,,
Indaphoria,70%,3.25,,
Indaphoria,70%,2.75,,
Indi,77%,3,,
iQ Chocolate,72%,2.75,,
iQ Chocolate,72%,3,,
Isidro,72%,3.5,,
Isidro,72%,2.25,,
Isidro,72%,3.25,,
Isidro,72%,3.25,,
Izard,70%,3.5,,
Izard,70%,2.75,,
Jacque Torres,71%,2,,
Jordis,63%,2.75,,
Just Good Chocolate,70%,3.5,,
Just Good Chocolate,70%,3.5,,
Just Good Chocolate,70%,4,,
Kah Kow,70%,3.5,,
Kah Kow,82%,3,,
Kah Kow,55%,3.25,,
Kah Kow,62%,3.25,,
Kakao,64%,2.5,,
Kakao,65%,3.75,,
Kallari (Ecuatoriana),70%,3,,
Kallari (Ecuatoriana),70%,3.5,,
Kallari (Ecuatoriana),75%,2.75,,
Kallari (Ecuatoriana),85%,2.5,,
Kallari (Ecuatoriana),85%,2.75,,
Kallari (Ecuatoriana),85%,3,,
Kallari (Ecuatoriana),75%,2.5,,
Kallari (Ecuatoriana),85%,3,,
Kaoka (Cemoi),70%,2.75,,
Kaoka (Cemoi),80%,2.75,,
Kerchner,70%,3.75,,
Ki' Xocolatl,72%,2,,
Kiskadee,60%,3,,
Kto,72%,2.5,,
Kto,72%,2.75,,
Kto,72%,3,,
Kto,72%,3.25,,
Kto,90%,3.25,,
Kto,72%,3.25,,
Kto,72%,3.25,,
K'ul,70%,3.25,,
K'ul,70%,2.75,,
K'ul,70%,3.75,,
K'ul,70%,3.75,,
Kyya,72.5%,2.5,,
Kyya,72.5%,3,,
Kyya,72.5%,2.5,,
Kyya,72.5%,3,,
L.A. Burdick (Felchlin),74%,3.25,,
L.A. Burdick (Felchlin),70%,4,,
L.A. Burdick (Felchlin),68%,3.75,,
L.A. Burdick (Felchlin),74%,3.75,,
L.A. Burdick (Felchlin),75%,3.25,,
L.A. Burdick (Felchlin),74%,3.75,,
L.A. Burdick (Felchlin),71%,3,,
L.A. Burdick (Felchlin),64%,3.5,,
L.A. Burdick (Felchlin),68%,3,,
La Chocolaterie Nanairo,70%,2.25,,
La Chocolaterie Nanairo,70%,2.5,,
La Chocolaterie Nanairo,70%,3,,
La Chocolaterie Nanairo,70%,3,,
La Maison du Chocolat (Valrhona),74%,2.75,,
La Maison du Chocolat (Valrhona),60%,3.25,,
La Maison du Chocolat (Valrhona),56%,3.25,,
La Maison du Chocolat (Valrhona),66%,3.5,,
La Maison du Chocolat (Valrhona),68%,3.5,,
La Maison du Chocolat (Valrhona),68%,3.25,,
La Maison du Chocolat (Valrhona),69%,3.5,,
La Maison du Chocolat (Valrhona),60%,3,,
La Maison du Chocolat (Valrhona),60%,3.75,,
La Maison du Chocolat (Valrhona),74%,3.5,,
La Oroquidea,72%,2.5,,
La Pepa de Oro,60%,3.25,,
Laia aka Chat-Noir,75%,2.75,,
Laia aka Chat-Noir,75%,2.75,,
Laia aka Chat-Noir,75%,3,,
Laia aka Chat-Noir,75%,3.25,,
Laia aka Chat-Noir,75%,3,,
Laia aka Chat-Noir,75%,3.5,,
Laia aka Chat-Noir,75%,3.25,,
Laia aka Chat-Noir,75%,3.75,,
Laia aka Chat-Noir,70%,2.75,,
Laia aka Chat-Noir,68%,2.75,,
Lajedo do Ouro,70%,3.5,,
Lake Champlain (Callebaut),75%,2.5,,
L'Amourette,80%,3.5,,
L'Amourette,75%,3,,
L'Amourette,75%,3,,
L'Amourette,72%,3,,
Letterpress,70%,3.5,,
Letterpress,70%,3.25,,
Letterpress,70%,3.25,,
Letterpress,70%,3.25,,
Letterpress,70%,3.5,,
Letterpress,70%,3,,
Letterpress,70%,3.25,,
Letterpress,70%,3.5,,
Letterpress,70%,3.5,,
Levy,71%,3.5,,
Lilla,70%,3,,
Lillie Belle,65%,3.5,,
Lillie Belle,68%,3.5,,
Lillie Belle,68%,3.75,,
Lillie Belle,75%,2.75,,
Lillie Belle,74%,3,,
Lillie Belle,68%,3.5,,
Lindt & Sprungli,85%,3,,
Loiza,65%,2.5,,
Lonohana,70%,3.75,,
Lonohana,65%,3.25,,
Lonohana,75%,3.75,,
Lonohana,71%,3,,
Lonohana,72%,3,,
Lonohana,70%,3.5,,
Love Bar,75%,2,,
Luker,46%,2.75,,
Luker,60%,3,,
Luker,58%,3,,
Luker,65%,3.5,,
Machu Picchu Trading Co.,70%,1.5,,
Machu Picchu Trading Co.,55%,2.25,,
Madecasse (Cinagra),67%,3.5,,
Madecasse (Cinagra),70%,3.75,,
Madecasse (Cinagra),63%,4,,
Madecasse (Cinagra),75%,3.5,,
Madre,73%,3.5,,
Madre,70%,2.75,,
Madre,70%,3.5,,
Madre,70%,2.75,,
Madre,70%,2.75,,
Madre,70%,3.25,,
Madre,70%,3.25,,
Madre,70%,3.5,,
Madre,70%,2.5,,
Madre,70%,2.75,,
Madre,72%,2.75,,
Maglio,75%,2,,
Maglio,70%,3,,
Maglio,70%,3.25,,
Maglio,70%,3.75,,
Majani,70%,2,,
Malagasy (Chocolaterie Robert),75%,2.75,,
Malagasy (Chocolaterie Robert),73%,3.5,,
Malagos,65%,3.5,,
Malie Kai (Guittard),55%,3.5,,
Malie Kai (Guittard),55%,2.75,,
Malmo,70%,3,,
Mana,74%,2.5,,
Mana,74%,2.5,,
Mana,74%,2.75,,
Mana,74%,3.75,,
Manifesto Cacao,70%,2.75,,
Manoa,72%,3.5,,
Manoa,72%,3.75,,
Manoa,72%,3.75,,
Manoa,72%,3.25,,
Manoa,72%,2.75,,
Manoa,72%,3,,
Manoa,72%,3.25,,
Manufaktura Czekolady,70%,3.75,,
Manufaktura Czekolady,70%,3.5,,
Manufaktura Czekolady,70%,3.75,,
Manufaktura Czekolady,85%,3.5,,
Manufaktura Czekolady,70%,3.25,,
Manufaktura Czekolady,70%,3.5,,
Manufaktura Czekolady,70%,3.25,,
Map Chocolate,75%,3.25,,
Map Chocolate,70%,3.5,,
Map Chocolate,62%,3.5,,
Map Chocolate,70%,3.5,,
Map Chocolate,70%,2.75,,
Map Chocolate,70%,3.5,,
Map Chocolate,68%,3.5,,
Map Chocolate,75%,2.75,,
Map Chocolate,72%,3,,
Map Chocolate,78%,3.5,,
Marana,70%,3,,
Marana,70%,2.75,,
Marana,70%,3,,
Marigold's Finest,75%,3.25,,
Marou,85%,3.25,,
Marou,68%,3.5,,
Marou,70%,3.75,,
Marou,75%,3.5,,
Marou,76%,3.5,,
Marou,72%,3.5,,
Marou,70%,3.5,,
Marou,78%,3.5,,
Marou,80%,3,,
Marou,74%,3.5,,
Mars,65%,3,,
Mars,65%,3,,
Mars,65%,3.25,,
Mars,65%,3.5,,
Marsatta,74%,2.25,,
Marsatta,89%,2.5,,
Martin Mayer,76%,2.75,,
Martin Mayer,82%,3,,
Martin Mayer,74%,3.25,,
Mast Brothers,76%,3,,
Mast Brothers,74%,3.25,,
Mast Brothers,75%,3.75,,
Mast Brothers,73%,3.5,,
Mast Brothers,72%,2.5,,
Mast Brothers,73%,2.75,,
Mast Brothers,72%,3.5,,
Mast Brothers,76%,3,,
Mast Brothers,70%,3,,
Mast Brothers,81%,2.75,,
Mast Brothers,70%,3.5,,
Mast Brothers,71%,2.75,,
Mast Brothers,75%,3,,
Mast Brothers,73%,3.25,,
Mast Brothers,74%,3.75,,
Mast Brothers,81%,2.75,,
Mast Brothers,75%,3,,
Mast Brothers,70%,3.25,,
Matale,72%,3.5,,
Matale,68%,4,,
Matale,74%,4,,
Matale,70%,3.75,,
Maverick,70%,3.25,,
Maverick,70%,3.25,,
Maverick,82%,3.25,,
Maverick,63%,3.5,,
Mayacama,72%,3,,
Meadowlands,70%,2.5,,
Meadowlands,70%,2.75,,
Meadowlands,70%,3,,
Meadowlands,70%,3,,
Meadowlands,70%,3.5,,
Menakao (aka Cinagra),80%,2.5,,
Menakao (aka Cinagra),72%,2.5,,
Mesocacao,80%,2.75,,
Mesocacao,70%,3,,
Mesocacao,80%,3.25,,
Mesocacao,70%,3.5,,
Mesocacao,70%,3.25,,
Mesocacao,80%,3.5,,
Metiisto,70%,3,,
Metiisto,72%,3.5,,
Metropolitan,70%,3.5,,
Michel Cluizel,66%,3.75,,
Michel Cluizel,66%,3.5,,
Michel Cluizel,67%,3.5,,
Michel Cluizel,60%,2,,
Michel Cluizel,85%,2,,
Michel Cluizel,70%,3,,
Michel Cluizel,67%,4,,
Michel Cluizel,65%,4,,
Michel Cluizel,64%,4,,
Michel Cluizel,99%,2,,
Middlebury,80%,3.5,,
Middlebury,70%,3.5,,
Middlebury,75%,3.75,,
Middlebury,75%,3.75,,
Middlebury,75%,3.25,,
Middlebury,70%,3.5,,
Middlebury,75%,2.5,,
Middlebury,80%,3.25,,
Middlebury,65%,1.5,,
Middlebury,75%,2,,
Middlebury,70%,2.5,,
Millcreek Cacao Roasters,70%,2.5,,
Millcreek Cacao Roasters,70%,3.5,,
Mindo,67%,2.75,,
Mindo,77%,2.75,,
Minimal,70%,3.5,,
Mission,75%,3.75,,
Mission,70%,3.5,,
Mita,65%,2.5,,
Moho,73%,3.25,,
Moho,72%,3,,
Moho,67%,2.75,,
Molucca,70%,3,,
Molucca,70%,2.75,,
Molucca,70%,3.25,,
Momotombo,70%,2.75,,
Momotombo,70%,2.75,,
Momotombo,70%,3.25,,
Monarque,72%,3.5,,
Monsieur Truffe,70%,3.25,,
Montecristi,70%,3.25,,
Montecristi,63%,3.5,,
Montecristi,85%,3.5,,
Muchomas (Mesocacao),70%,3.5,,
Muchomas (Mesocacao),80%,3.5,,
Mutari,68%,2.75,,
Mutari,71%,2.75,,
Mutari,68%,2.75,,
Mutari,80%,3,,
Nahua,58%,2.5,,
Nahua,70%,3,,
Naive,70%,3.75,,
Naive,78%,3.75,,
Naive,71%,2.5,,
Na�ve,70%,3.25,,
Na�ve,75%,2.75,,
Na�ve,70%,3,,
Nanea,85%,3.5,,
Nathan Miller,72%,2.25,,
Nathan Miller,70%,2.5,,
Nathan Miller,73.5%,2.5,,
Nathan Miller,70%,3.5,,
Neuhaus (Callebaut),70%,2.5,,
Neuhaus (Callebaut),67%,3.75,,
Neuhaus (Callebaut),73%,1,,
Neuhaus (Callebaut),73%,2,,
Neuhaus (Callebaut),75%,2.75,,
Neuhaus (Callebaut),71%,3,,
Nibble,72%,2.25,,
Nibble,72%,2.75,,
Nibble,72%,3,,
Nibble,72%,3,,
Night Owl,75%,2.75,,
Night Owl,75%,3.5,,
Noble Bean aka Jerjobo,75%,3,,
Noble Bean aka Jerjobo,75%,3,,
Noble Bean aka Jerjobo,75%,3.25,,
Noir d' Ebine,70%,3,,
Noir d' Ebine,70%,3,,
Nova Monda,70%,3,,
Nova Monda,75%,2.75,,
Nova Monda,80%,3.25,,
Nuance,70%,3.75,,
Nuance,70%,2.75,,
Nuance,70%,3,,
Nuance,70%,3.5,,
Nuance,70%,3.75,,
Nugali,70%,3.5,,
Oakland Chocolate Co.,70%,2.5,,
Obolo,70%,3.75,,
Obolo,70%,3.75,,
Ocelot,70%,3.75,,
Ocelot,75%,4,,
Ocho,100%,2.75,,
Ocho,70%,3.5,,
Ocho,66%,2.75,,
Ocho,70%,3,,
Ocho,88%,3.25,,
Ocho,74%,3.5,,
Ohiyo,70%,2.75,,
Ohiyo,70%,3,,
Oialla by Bojessen (Malmo),70%,3.5,,
Olive and Sinclair,72%,3,,
Olive and Sinclair,72%,3,,
Olive and Sinclair,67%,2.75,,
Olive and Sinclair,75%,3,,
Olivia,76%,2,,
Olivia,76%,2.75,,
Olivia,85%,2.75,,
Olivia,85%,3,,
Omanhene,80%,2.75,,
Omnom,70%,3.75,,
Omnom,70%,3,,
Omnom,66%,3.5,,
organicfair,74%,2.75,,
organicfair,72%,2.75,,
organicfair,72%,2.75,,
organicfair,72%,3,,
organicfair,72%,3,,
Original Beans (Felchlin),68%,2.75,,
Original Beans (Felchlin),80%,3.25,,
Original Beans (Felchlin),66%,3.75,,
Original Beans (Felchlin),70%,3,,
Original Beans (Felchlin),75%,3,,
Original Beans (Felchlin),68%,3.25,,
Original Hawaiin Chocolate Factory,60%,3,,
Original Hawaiin Chocolate Factory,60%,3,,
Orquidea,65%,3,,
Orquidea,72%,3,,
Pacari,70%,4,,
Pacari,70%,3.25,,
Pacari,70%,3.5,,
Pacari,70%,3.75,,
Pacari,70%,4,,
Pacari,85%,2.75,,
Pacari,70%,4,,
Pacari,70%,3.5,,
Pacari,60%,2.5,,
Pacari,65%,2.75,,
Pacari,72%,3,,
Pacari,100%,2,,
Pacari,70%,3.5,,
Palette de Bine,70%,2.75,,
Palette de Bine,72%,3,,
Palette de Bine,70%,3.25,,
Palette de Bine,70%,3.25,,
Palette de Bine,72%,3.5,,
Palette de Bine,72%,3.75,,
Palette de Bine,72%,2.75,,
Palette de Bine,78%,3.75,,
Palette de Bine,75%,2.75,,
Palette de Bine,75%,3.5,,
Palette de Bine,70%,3.75,,
Pangea,76%,3,,
Park 75,65%,3.5,,
Parliament,70%,3.25,,
Parliament,70%,3.5,,
Parliament,70%,3,,
Parliament,70%,3.5,,
Pascha,55%,2.5,,
Pascha,70%,2.75,,
Patric,70%,3.75,,
Patric,75%,4,,
Patric,67%,3.5,,
Patric,70%,3.5,,
Patric,70%,4,,
Patric,67%,4,,
Paul Young,73%,2.25,,
Paul Young,64%,2.75,,
Peppalo,82%,3,,
Pierre Marcolini,70%,3.25,,
Pierre Marcolini,75%,3,,
Pierre Marcolini,75%,3.25,,
Pierre Marcolini,78%,3.75,,
Pierre Marcolini,85%,3,,
Pierre Marcolini,72%,3,,
Pierre Marcolini,72%,3,,
Pierre Marcolini,70%,4,,
Pierre Marcolini,72%,3.75,,
Pierre Marcolini,72%,4,,
Pierre Marcolini,85%,3.5,,
Pierre Marcolini,72%,4,,
Pierre Marcolini,72%,3,,
Pierre Marcolini,72%,4,,
Pinellas,80%,2.5,,
Pitch Dark,62%,2.5,,
Pitch Dark,80%,2.75,,
Pitch Dark,80%,2.75,,
Pitch Dark,80%,2.75,,
Pitch Dark,80%,3.25,,
Pitch Dark,73%,3.25,,
Pitch Dark,73%,2.5,,
Pitch Dark,73%,3.25,,
Pitch Dark,73%,3.5,,
Pomm (aka Dead Dog),76%,2.5,,
Pomm (aka Dead Dog),82%,2.75,,
Potomac,70%,3.75,,
Potomac,70%,3.75,,
Potomac,70%,3.5,,
Potomac,70%,3,,
Potomac,70%,2.75,,
Potomac,70%,3.5,,
Potomac,82%,3.75,,
Pralus,75%,3.25,,
Pralus,75%,3.25,,
Pralus,75%,3.5,,
Pralus,75%,2,,
Pralus,75%,3,,
Pralus,100%,3,,
Pralus,75%,2,,
Pralus,75%,3.5,,
Pralus,75%,4,,
Pralus,75%,3,,
Pralus,75%,3.5,,
Pralus,75%,3.5,,
Pralus,75%,3.5,,
Pralus,75%,3.75,,
Pralus,75%,3.5,,
Pralus,75%,3.5,,
Pralus,75%,4,,
Pralus,75%,3,,
Pralus,75%,3,,
Pralus,75%,3.25,,
Pralus,75%,3.5,,
Pralus,80%,4,,
Pralus,75%,3,,
Pralus,75%,3,,
Pralus,75%,3.5,,
Pump Street Bakery,77%,3.5,,
Pump Street Bakery,70%,3.5,,
Pump Street Bakery,74%,3.5,,
Pump Street Bakery,80%,2.75,,
Pump Street Bakery,75%,2.75,,
Pump Street Bakery,75%,3,,
Pump Street Bakery,72%,3.25,,
Pump Street Bakery,85%,2.75,,
Pura Delizia,73%,2.75,,
Q Chocolate,75%,3.25,,
Q Chocolate,85%,3.5,,
Q Chocolate,55%,2.75,,
Q Chocolate,80%,3.25,,
Q Chocolate,60%,3,,
Q Chocolate,65%,3.25,,
Quetzalli (Wolter),70%,2.75,,
Quetzalli (Wolter),74%,3,,
Raaka,70%,3,,
Raaka,75%,2.75,,
Raaka,75%,3.25,,
Raaka,85%,3.5,,
Rain Republic,70%,2.75,,
Rancho San Jacinto,75%,3,,
Ranger,70%,2.5,,
Ranger,80%,3.25,,
Ranger,73%,3.5,,
Raoul Boulanger,75%,3.25,,
Raw Cocoa,70%,2.5,,
Republica del Cacao (aka Confecta),75%,3.25,,
Republica del Cacao (aka Confecta),75%,2.5,,
Republica del Cacao (aka Confecta),75%,3,,
Republica del Cacao (aka Confecta),67%,3.5,,
Republica del Cacao (aka Confecta),75%,3.75,,
Ritual,75%,3.75,,
Ritual,85%,3.5,,
Ritual,70%,3.5,,
Ritual,75%,3.75,,
Ritual,75%,3,,
Ritual,75%,4,,
Ritual,75%,3.25,,
Ritual,75%,3.5,,
Ritual,75%,3.5,,
Roasting Masters,70%,3.25,,
Roasting Masters,70%,3.25,,
Roasting Masters,70%,3.25,,
Robert (aka Chocolaterie Robert),75%,3.25,,
Robert (aka Chocolaterie Robert),68%,3.25,,
Rococo (Grenada Chocolate Co.),66%,3.5,,
Rogue,75%,3.75,,
Rogue,70%,3.75,,
Rogue,75%,3.25,,
Rogue,80%,3.75,,
Rogue,70%,3.5,,
Rogue,70%,3.5,,
Rogue,75%,4,,
Rogue,75%,3.75,,
Rogue,75%,3.75,,
Rogue,75%,3,,
Rogue,75%,3.75,,
Rogue,70%,3.5,,
Rogue,70%,2.75,,
Rogue,70%,2.75,,
Rogue,70%,2.75,,
Rogue,70%,3,,
Rozsavolgyi,84%,2.5,,
Rozsavolgyi,76%,2.25,,
Rozsavolgyi,72%,2.5,,
Rozsavolgyi,73%,3.5,,
Rozsavolgyi,71%,2.5,,
Rozsavolgyi,70%,3.5,,
Rozsavolgyi,77%,2.75,,
S.A.I.D.,64%,3.5,,
S.A.I.D.,100%,1.5,,
S.A.I.D.,70%,3,,
S.A.I.D.,72%,3.5,,
S.A.I.D.,72%,3.5,,
Sacred,83%,2.75,,
Sacred,69%,3.25,,
Salgado,70%,3.5,,
Salgado,70%,3.5,,
Salgado,70%,3.5,,
Salgado,70%,3.5,,
Santander (Compania Nacional),75%,2.75,,
Santander (Compania Nacional),70%,3,,
Santander (Compania Nacional),53%,2,,
Santander (Compania Nacional),65%,3,,
Santander (Compania Nacional),70%,4,,
Santome,70%,2.75,,
Scharffen Berger,78%,4,,
Scharffen Berger,68%,3.75,,
Scharffen Berger,68%,3.5,,
Scharffen Berger,65%,3.75,,
Scharffen Berger,68%,3.75,,
Scharffen Berger,65%,4,,
Scharffen Berger,72%,3.75,,
Scharffen Berger,72%,3,,
Scharffen Berger,72%,3,,
Scharffen Berger,62%,3,,
Scharffen Berger,75%,3.75,,
Scharffen Berger,75%,3,,
Scharffen Berger,82%,2,,
Scharffen Berger,70%,3.5,,
Scharffen Berger,68%,2,,
Scharffen Berger,70%,2,,
Scharffen Berger,62%,3,,
Seaforth,70%,2.75,,
Seaforth,70%,2.75,,
Shark Mountain,72%,3.25,,
Shark Mountain,73%,3.5,,
Shark Mountain,77%,2.75,,
Shark Mountain,74%,3.5,,
Shark Mountain,75%,3,,
Shark Mountain,72%,3.25,,
Shark's,73%,2,,
Shark's,73%,2.5,,
Shattel,70%,3.25,,
Shattell,75%,3.5,,
Sibu,82%,3.25,,
Sibu,70%,3.5,,
Sibu Sura,70%,2.5,,
Silvio Bessone,67%,3,,
Silvio Bessone,65%,3.25,,
Silvio Bessone,60%,3.25,,
Silvio Bessone,68%,3,,
Sirene,73%,3.5,,
Sirene,73%,3.5,,
Sirene,73%,3.75,,
Sirene,100%,3,,
Sirene,100%,3,,
Sirene,73%,3,,
Sirene,73%,3.25,,
Sirene,73%,3.25,,
Sirene,67%,3.75,,
Sirene,73%,3.75,,
Sirene,73%,3.75,,
Sjolinds,70%,2.75,,
Sjolinds,72%,3,,
"Smooth Chocolator, The",70%,3.5,,
"Smooth Chocolator, The",70%,3.75,,
"Smooth Chocolator, The",70%,4,,
"Smooth Chocolator, The",70%,3.75,,
"Smooth Chocolator, The",70%,3,,
"Smooth Chocolator, The",67%,3.75,,
"Smooth Chocolator, The",70%,3.25,,
"Smooth Chocolator, The",65%,3.25,,
"Smooth Chocolator, The",70%,3.5,,
"Smooth Chocolator, The",67%,3.75,,
"Smooth Chocolator, The",70%,3.75,,
"Smooth Chocolator, The",72%,4,,
"Smooth Chocolator, The",72%,2.75,,
"Smooth Chocolator, The",65%,3.5,,
"Smooth Chocolator, The",67%,3,,
"Smooth Chocolator, The",70%,3.75,,
Snake & Butterfly,67%,1.5,,
Snake & Butterfly,68%,3,,
Snake & Butterfly,68%,3.25,,
Sol Cacao,70%,3.5,,
Sol Cacao,72%,3,,
Solkiki,68%,2.75,,
Solkiki,85%,2.75,,
Solomons Gold,70%,3.25,,
Solomons Gold,75%,3.25,,
Solstice,70%,3,,
Solstice,70%,3,,
Solstice,70%,3,,
Solstice,70%,3.25,,
Solstice,70%,3.25,,
Solstice,70%,3.5,,
Soma,62%,3.5,,
Soma,70%,3.5,,
Soma,70%,3.5,,
Soma,75%,3.75,,
Soma,70%,3.75,,
Soma,70%,4,,
Soma,70%,3.25,,
Soma,70%,3.5,,
Soma,75%,4,,
Soma,70%,3.5,,
Soma,70%,3.75,,
Soma,70%,3.25,,
Soma,80%,3.5,,
Soma,70%,3.75,,
Soma,70%,3.25,,
Soma,77%,3.75,,
Soma,70%,3.25,,
Soma,70%,2.75,,
Soma,70%,3.75,,
Soma,70%,3.25,,
Soma,70%,3.75,,
Soma,88%,4,,
Soma,70%,4,,
Soma,67%,4,,
Soma,70%,3.25,,
Soma,70%,4,,
Soma,70%,3.25,,
Soma,70%,3.75,,
Soma,70%,4,,
Soma,70%,4,,
Soma,70%,3.5,,
Soma,70%,3.75,,
Soma,70%,3.5,,
Soma,85%,3.5,,
Soma,70%,2.75,,
Soma,70%,3.5,,
Soma,64%,4,,
Soma,70%,4,,
Soma,70%,3.75,,
Soma,70%,3.5,,
Soma,70%,3.75,,
Soma,70%,3,,
Soma,70%,3.5,,
Soma,70%,3,,
Soma,70%,3.5,,
Soma,70%,3.75,,
Soma,70%,3.75,,
Somerville,70%,3.25,,
Somerville,70%,3.5,,
Soul,70%,3.25,,
Soul,70%,3.5,,
Soul,75%,3.5,,
Soul,75%,3.25,,
Soul,77%,3.25,,
Soul,80%,3.5,,
Spagnvola,70%,3,,
Spagnvola,80%,3,,
Spagnvola,75%,3.25,,
Spencer,70%,3.75,,
Spencer,70%,3.5,,
Spencer,70%,2.75,,
Spencer,70%,3.5,,
Spencer,70%,3.75,,
Spencer,70%,3.75,,
Spencer,72%,2.75,,
Sprungli (Felchlin),70%,3,,
SRSLY,70%,3,,
SRSLY,84%,2.25,,
Starchild,70%,3,,
Starchild,70%,3,,
Starchild,70%,3,,
Starchild,70%,3,,
Starchild,70%,3,,
Stella (aka Bernrain),68%,2.75,,
Stella (aka Bernrain),72%,3.25,,
Stone Grindz,84%,3.5,,
Stone Grindz,70%,3.5,,
StRita Supreme,65%,2.5,,
StRita Supreme,70%,2.5,,
StRita Supreme,75%,2.75,,
Sublime Origins,67%,2.75,,
Sublime Origins,78%,3.25,,
Summerbird,61%,2.5,,
Summerbird,71%,3,,
Suruca Chocolate,70%,2.75,,
Suruca Chocolate,60%,3,,
Svenska Kakaobolaget,70%,2.75,,
Szanto Tibor,70%,3.25,,
Szanto Tibor,88%,3.25,,
Szanto Tibor,70%,3.25,,
Szanto Tibor,70%,3.75,,
Szanto Tibor,70%,3.25,,
Szanto Tibor,70%,3.5,,
Szanto Tibor,70%,3.5,,
Szanto Tibor,70%,3.75,,
Szanto Tibor,70%,3.5,,
Szanto Tibor,70%,3.5,,
Szanto Tibor,70%,3.25,,
Szanto Tibor,70%,3.25,,
Szanto Tibor,70%,3.25,,
Szanto Tibor,70%,3.75,,
Szanto Tibor,70%,3,,
Tabal,70%,2.75,,
Tabal,70%,2.75,,
Tabal,70%,2.5,,
Tabal,70%,3,,
Tablette (aka Vanillabeans),70%,3,,
Tablette (aka Vanillabeans),62%,3.25,,
Tablette (aka Vanillabeans),60%,3.25,,
Tablette (aka Vanillabeans),77%,2.75,,
Tan Ban Skrati,70%,3.25,,
Taza,68%,3,,
Taza,87%,3.25,,
Taza,75%,2.75,,
Taza,70%,3,,
TCHO,62%,2,,
TCHO,99%,3.25,,
TCHO,60%,2.75,,
TCHO,68%,3,,
TCHO,70%,2.5,,
TCHO,70%,2.5,,
TCHO,70%,2.75,,
TCHO,70%,2.5,,
Tejas,70%,2.75,,
Tejas,70%,3,,
Tejas,70%,3,,
Tejas,70%,3.5,,
Tejas,70%,3.25,,
Tejas,70%,2,,
Tejas,70%,3.25,,
Tejas,70%,2.75,,
Tejas,70%,3,,
Tejas,70%,3.25,,
Tejas,70%,2.75,,
Tejas,80%,3,,
Tejas,67%,3.25,,
Tejas,70%,3.5,,
Terroir,70%,2.75,,
Terroir,70%,3.75,,
Terroir,70%,3.75,,
Terroir,70%,3.25,,
Terroir,70%,3.5,,
Terroir,70%,3.75,,
Terroir,77%,3.25,,
Terroir,67%,3.75,,
Terroir,73%,3.75,,
The Barn,70%,3,,
Theo,65%,3.25,,
Theo,65%,3.5,,
Theo,75%,2.5,,
Theo,84%,3,,
Theo,91%,2,,
Theo,75%,3,,
Theobroma,70%,3.25,,
Timo A. Meyer,72%,3.75,,
To'ak (Ecuatoriana),81%,3.25,,
Tobago Estate (Pralus),70%,4,,
Tocoti,77%,3,,
Tocoti,72%,2.75,,
Tocoti,74%,3,,
Treehouse,72%,3,,
Tsara (Cinagra),72%,3.5,,
twenty-four blackbirds,75%,2.75,,
twenty-four blackbirds,75%,3.5,,
twenty-four blackbirds,75%,3.5,,
twenty-four blackbirds,68%,3.25,,
twenty-four blackbirds,75%,2.5,,
twenty-four blackbirds,73%,2.75,,
Two Ravens,60%,3,,
Un Dimanche A Paris,63%,3.75,,
Undone,74%,2.75,,
Undone,70%,3,,
Upchurch,72%,3,,
Upchurch,72%,3.25,,
Urzi,65%,3.25,,
Valrhona,63%,4,,
Valrhona,70%,3.5,,
Valrhona,64%,3.5,,
Valrhona,69%,4,,
Valrhona,56%,3.25,,
Valrhona,64%,4,,
Valrhona,64%,3.75,,
Valrhona,66%,3.75,,
Valrhona,68%,3.5,,
Valrhona,72%,3,,
Valrhona,65%,3.75,,
Valrhona,64%,4,,
Valrhona,85%,1.5,,
Valrhona,85%,2.5,,
Valrhona,71%,2.75,,
Valrhona,64%,3.25,,
Valrhona,66%,3,,
Valrhona,70%,4,,
Valrhona,64%,2.5,,
Valrhona,64%,3,,
Valrhona,64%,3.5,,
Vanleer (Barry Callebaut),72%,2.5,,
Vanleer (Barry Callebaut),65%,2.75,,
Vao Vao (Chocolaterie Robert),72%,2.75,,
Vao Vao (Chocolaterie Robert),76%,2.75,,
Vao Vao (Chocolaterie Robert),80%,2.75,,
Vao Vao (Chocolaterie Robert),70%,3,,
Vao Vao (Chocolaterie Robert),68%,3,,
Vao Vao (Chocolaterie Robert),64%,3.25,,
Vicuna,70%,3.25,,
Vicuna,70%,3.25,,
Videri,90%,3.25,,
Videri,75%,3.5,,
Videri,75%,3.5,,
Videri,90%,3.75,,
Videri,70%,3.25,,
Vietcacao (A. Morin),70%,3.5,,
Vintage Plantations,75%,3,,
Vintage Plantations (Tulicorp),100%,2,,
Vintage Plantations (Tulicorp),90%,2,,
Vintage Plantations (Tulicorp),75%,3,,
Vintage Plantations (Tulicorp),65%,3,,
Violet Sky,77%,2.75,,
Violet Sky,77%,3,,
Violet Sky,77%,3,,
Violet Sky,77%,3.25,,
Violet Sky,77%,2.75,,
Vivra,70%,2.5,,
Vivra,70%,2.5,,
Vivra,70%,3,,
Wellington Chocolate Factory,70%,3.5,,
Wellington Chocolate Factory,70%,3.5,,
Whittakers,72%,2.5,,
Wilkie's Organic,75%,2.5,,
Wilkie's Organic,89%,2.75,,
Wilkie's Organic,75%,3.25,,
Wilkie's Organic,75%,2.75,,
Willie's Cacao,70%,4,,
Willie's Cacao,88%,3,,
Willie's Cacao,100%,2.25,,
Willie's Cacao,71%,3,,
Willie's Cacao,72%,3.5,,
Willie's Cacao,69%,3.75,,
Willie's Cacao,70%,3,,
Willie's Cacao,72%,3.25,,
Wm,74%,3,,
Wm,76%,3.5,,
Wm,75%,3.75,,
Woodblock,70%,3,,
Woodblock,70%,3.25,,
Woodblock,70%,3.5,,
Woodblock,70%,2.5,,
Woodblock,70%,3,,
Woodblock,70%,3.25,,
Woodblock,70%,4,,
Woodblock,70%,3.5,,
Xocolat,66%,3,,
Xocolla,70%,2.75,,
Xocolla,70%,2.5,,
Zak's,70%,3,,
Zak's,70%,3.25,,
Zak's,70%,3.25,,
Zak's,70%,3.25,,
Zak's,70%,3.5,,
Zak's,60%,3,,
Zart Pralinen,70%,3.5,,
Zart Pralinen,70%,2.75,,
Zart Pralinen,85%,2.75,,
Zart Pralinen,85%,3,,
Zart Pralinen,70%,3.5,,
Zart Pralinen,78%,3.5,,
Zokoko,78%,3.75,,
Zokoko,65%,3.25,,
Zokoko,68%,3.5,,
Zokoko,66%,3.5,,
Zokoko,72%,3.75,,
Zotter,80%,2.75,,
Zotter,72%,3.5,,
Zotter,65%,3.5,,
Zotter,70%,3,,
Zotter,70%,3.5,,
Zotter,62%,3.75,,
Zotter,75%,3,,
Zotter,75%,3,,
Zotter,90%,3.25,,
Zotter,70%,3.75,,
Zotter,68%,3.25,,
Zotter,58%,3.5,,
Zotter,70%,3.75,,
Zotter,65%,3,,
Zotter,65%,3.5,,
Zotter,62%,3.25,,
Zotter,65%,3,,
